"customer_id","first_name","last_name","num_consecutive_rentals","start_date","end_date"
487,"HECTOR","POINDEXTER","8","2022-07-26","2022-08-02"
42,"CAROLYN","PEREZ","8","2022-07-26","2022-08-02"
470,"GORDON","ALLARD","8","2022-07-26","2022-08-02"
22,"LAURA","RODRIGUEZ","7","2022-08-17","2022-08-23"
323,"MATTHEW","MAHAN","7","2022-07-27","2022-08-02"
119,"SHERRY","MARSHALL","7","2022-08-17","2022-08-23"
559,"EVERETT","BANDA","7","2022-07-27","2022-08-02"
86,"JACQUELINE","LONG","7","2022-08-17","2022-08-23"
144,"CLARA","SHAW","7","2022-08-17","2022-08-23"
41,"STEPHANIE","MITCHELL","7","2022-07-27","2022-08-02"
15,"HELEN","HARRIS","7","2022-08-17","2022-08-23"
275,"CAROLE","BARNETT","7","2022-08-17","2022-08-23"
51,"ALICE","STEWART","7","2022-07-27","2022-08-02"
181,"ANA","BRADLEY","7","2022-07-27","2022-08-02"
368,"HARRY","ARCE","7","2022-08-17","2022-08-23"
75,"TAMMY","SANDERS","7","2022-07-27","2022-08-02"
373,"LOUIS","LEONE","7","2022-07-27","2022-08-02"
469,"WESLEY","BULL","7","2022-07-27","2022-08-02"
148,"ELEANOR","HUNT","7","2022-08-17","2022-08-23"
36,"KATHLEEN","ADAMS","7","2022-07-27","2022-08-02"
561,"IAN","STILL","7","2022-06-15","2022-06-21"
494,"RAMON","CHOATE","7","2022-07-27","2022-08-02"
572,"SIDNEY","BURLESON","7","2022-07-27","2022-08-02"
186,"HOLLY","FOX","7","2022-08-17","2022-08-23"
490,"SAM","MCDUFFIE","7","2022-07-06","2022-07-12"
157,"DARLENE","ROSE","7","2022-07-27","2022-08-02"
120,"SYLVIA","ORTIZ","7","2022-07-27","2022-08-02"
198,"ELSIE","KELLEY","7","2022-08-17","2022-08-23"
7,"MARIA","MILLER","7","2022-07-06","2022-07-12"
354,"JUSTIN","NGO","7","2022-07-06","2022-07-12"
314,"GEORGE","LINTON","7","2022-08-17","2022-08-23"
168,"REGINA","BERRY","7","2022-08-17","2022-08-23"
192,"LAURIE","LAWRENCE","7","2022-07-27","2022-08-02"
5,"ELIZABETH","BROWN","7","2022-07-27","2022-08-02"
54,"TERESA","ROGERS","7","2022-08-17","2022-08-23"
368,"HARRY","ARCE","7","2022-07-27","2022-08-02"
336,"JOSHUA","MARK","7","2022-08-17","2022-08-23"
381,"BOBBY","BOUDREAU","7","2022-08-17","2022-08-23"
52,"JULIE","SANCHEZ","7","2022-07-27","2022-08-02"
50,"DIANE","COLLINS","7","2022-07-27","2022-08-02"
144,"CLARA","SHAW","7","2022-07-27","2022-08-02"
233,"LILLIE","KIM","7","2022-07-06","2022-07-12"
356,"GERALD","FULTZ","7","2022-07-27","2022-08-02"
208,"LUCY","WHEELER","7","2022-07-27","2022-08-02"
538,"TED","BREAUX","7","2022-07-27","2022-08-02"
141,"DEBBIE","REYES","7","2022-08-17","2022-08-23"
569,"DAVE","GARDINER","7","2022-08-17","2022-08-23"
141,"DEBBIE","REYES","7","2022-07-27","2022-08-02"
32,"AMY","LOPEZ","7","2022-07-06","2022-07-12"
498,"GENE","SANBORN","7","2022-07-27","2022-08-02"
448,"MIGUEL","BETANCOURT","7","2022-08-17","2022-08-23"
372,"STEVE","MACKENZIE","7","2022-08-17","2022-08-23"
526,"KARL","SEAL","7","2022-08-17","2022-08-23"
99,"EMILY","DIAZ","7","2022-07-06","2022-07-12"
91,"LOIS","BUTLER","7","2022-07-06","2022-07-12"
204,"ROSEMARY","SCHMIDT","7","2022-08-17","2022-08-23"
125,"ETHEL","WEBB","7","2022-07-27","2022-08-02"
166,"LYNN","PAYNE","7","2022-07-06","2022-07-12"
558,"JIMMIE","EGGLESTON","7","2022-07-06","2022-07-12"
405,"LEONARD","SCHOFIELD","7","2022-07-27","2022-08-02"
560,"JORDAN","ARCHULETA","7","2022-07-27","2022-08-02"
82,"KATHRYN","COLEMAN","7","2022-08-17","2022-08-23"
290,"KRISTINA","CHAMBERS","7","2022-07-27","2022-08-02"
421,"LEE","HAWKS","7","2022-07-27","2022-08-02"
138,"HAZEL","WARREN","7","2022-07-27","2022-08-02"
135,"JUANITA","MASON","7","2022-07-27","2022-08-02"
4,"BARBARA","JONES","7","2022-08-17","2022-08-23"
306,"CHARLES","KOWALSKI","7","2022-07-27","2022-08-02"
339,"WALTER","PERRYMAN","7","2022-07-06","2022-07-12"
29,"ANGELA","HERNANDEZ","6","2022-08-17","2022-08-22"
259,"LENA","JENSEN","6","2022-08-18","2022-08-23"
381,"BOBBY","BOUDREAU","6","2022-07-27","2022-08-01"
242,"GLENDA","FRAZIER","6","2022-08-17","2022-08-22"
78,"LORI","WOOD","6","2022-07-06","2022-07-11"
137,"RHONDA","KENNEDY","6","2022-07-06","2022-07-11"
387,"JESSE","SCHILLING","6","2022-08-17","2022-08-22"
510,"BEN","EASTER","6","2022-07-27","2022-08-01"
495,"CHARLIE","BESS","6","2022-07-27","2022-08-01"
3,"LINDA","WILLIAMS","6","2022-08-18","2022-08-23"
339,"WALTER","PERRYMAN","6","2022-08-17","2022-08-22"
79,"RACHEL","BARNES","6","2022-07-06","2022-07-11"
407,"DALE","RATCLIFF","6","2022-08-17","2022-08-22"
426,"BRADLEY","MOTLEY","6","2022-08-17","2022-08-22"
337,"JERRY","JORDON","6","2022-08-17","2022-08-22"
119,"SHERRY","MARSHALL","6","2022-07-28","2022-08-02"
40,"AMANDA","CARTER","6","2022-08-17","2022-08-22"
31,"BRENDA","WRIGHT","6","2022-06-16","2022-06-21"
84,"SARA","PERRY","6","2022-07-28","2022-08-02"
447,"CLIFFORD","BOWENS","6","2022-07-07","2022-07-12"
14,"BETTY","WHITE","6","2022-07-28","2022-08-02"
514,"FRANKLIN","TROUTMAN","6","2022-06-16","2022-06-21"
49,"JOYCE","EDWARDS","6","2022-07-27","2022-08-01"
457,"BILL","GAVIN","6","2022-06-15","2022-06-20"
178,"MARION","SNYDER","6","2022-07-28","2022-08-02"
175,"ANNETTE","OLSON","6","2022-08-17","2022-08-22"
120,"SYLVIA","ORTIZ","6","2022-06-15","2022-06-20"
176,"JUNE","CARROLL","6","2022-06-15","2022-06-20"
5,"ELIZABETH","BROWN","6","2022-08-17","2022-08-22"
329,"FRANK","WAGGONER","6","2022-07-28","2022-08-02"
564,"BOB","PFEIFFER","6","2022-08-17","2022-08-22"
522,"ARNOLD","HAVENS","6","2022-07-27","2022-08-01"
146,"JAMIE","RICE","6","2022-06-15","2022-06-20"
365,"BRUCE","SCHWARZ","6","2022-07-27","2022-08-01"
317,"EDWARD","BAUGH","6","2022-07-27","2022-08-01"
232,"CONSTANCE","REID","6","2022-07-27","2022-08-01"
529,"ERIK","GUILLEN","6","2022-08-17","2022-08-22"
443,"FRANCISCO","SKIDMORE","6","2022-08-18","2022-08-23"
374,"JEREMY","HURTADO","6","2022-08-17","2022-08-22"
457,"BILL","GAVIN","6","2022-08-17","2022-08-22"
73,"BEVERLY","BROOKS","6","2022-07-28","2022-08-02"
305,"RICHARD","MCCRARY","6","2022-07-07","2022-07-12"
348,"ROGER","QUINTANILLA","6","2022-08-18","2022-08-23"
196,"ALMA","AUSTIN","6","2022-07-28","2022-08-02"
440,"BERNARD","COLBY","6","2022-08-18","2022-08-23"
551,"CLAYTON","BARBEE","6","2022-08-17","2022-08-22"
404,"STANLEY","SCROGGINS","6","2022-07-27","2022-08-01"
21,"MICHELLE","CLARK","6","2022-08-17","2022-08-22"
463,"DARRELL","POWER","6","2022-08-17","2022-08-22"
500,"REGINALD","KINDER","6","2022-08-18","2022-08-23"
566,"CASEY","MENA","6","2022-07-28","2022-08-02"
202,"CARLA","GUTIERREZ","6","2022-07-28","2022-08-02"
53,"HEATHER","MORRIS","6","2022-08-17","2022-08-22"
197,"SUE","PETERS","6","2022-05-25","2022-05-30"
442,"LEROY","BUSTAMANTE","6","2022-07-27","2022-08-01"
593,"RENE","MCALISTER","6","2022-07-28","2022-08-02"
260,"CHRISTY","VARGAS","6","2022-06-16","2022-06-21"
364,"BENJAMIN","VARNEY","6","2022-08-17","2022-08-22"
360,"RALPH","MADRIGAL","6","2022-07-07","2022-07-12"
267,"MARGIE","WADE","6","2022-07-28","2022-08-02"
334,"RAYMOND","MCWHORTER","6","2022-08-18","2022-08-23"
580,"ROSS","GREY","6","2022-07-28","2022-08-02"
220,"CHARLENE","ALVAREZ","6","2022-07-28","2022-08-02"
398,"ANTONIO","MEEK","6","2022-07-28","2022-08-02"
78,"LORI","WOOD","6","2022-08-18","2022-08-23"
166,"LYNN","PAYNE","6","2022-08-18","2022-08-23"
145,"LUCILLE","HOLMES","6","2022-07-27","2022-08-01"
438,"BARRY","LOVELACE","6","2022-07-07","2022-07-12"
475,"PEDRO","CHESTNUT","6","2022-07-28","2022-08-02"
132,"ESTHER","CRAWFORD","6","2022-07-06","2022-07-11"
515,"ANDRE","RAPP","6","2022-06-15","2022-06-20"
3,"LINDA","WILLIAMS","6","2022-07-27","2022-08-01"
317,"EDWARD","BAUGH","6","2022-08-17","2022-08-22"
154,"MICHELE","GRANT","6","2022-07-06","2022-07-11"
274,"NAOMI","JENNINGS","6","2022-08-18","2022-08-23"
438,"BARRY","LOVELACE","6","2022-07-27","2022-08-01"
209,"TONYA","CHAPMAN","6","2022-07-27","2022-08-01"
28,"CYNTHIA","YOUNG","6","2022-07-28","2022-08-02"
300,"JOHN","FARNSWORTH","6","2022-08-18","2022-08-23"
590,"SETH","HANNON","6","2022-07-27","2022-08-01"
406,"NATHAN","RUNYON","6","2022-07-27","2022-08-01"
178,"MARION","SNYDER","6","2022-06-15","2022-06-20"
309,"CHRISTOPHER","GRECO","6","2022-07-27","2022-08-01"
328,"JEFFREY","SPEAR","6","2022-08-18","2022-08-23"
51,"ALICE","STEWART","6","2022-08-17","2022-08-22"
228,"ALLISON","STANLEY","6","2022-07-06","2022-07-11"
518,"GABRIEL","HARDER","6","2022-08-18","2022-08-23"
447,"CLIFFORD","BOWENS","6","2022-08-18","2022-08-23"
277,"OLGA","JIMENEZ","6","2022-08-17","2022-08-22"
371,"BILLY","POULIN","6","2022-07-07","2022-07-12"
128,"MARJORIE","TUCKER","6","2022-08-18","2022-08-23"
379,"CARLOS","COUGHLIN","6","2022-08-18","2022-08-23"
295,"DAISY","BATES","6","2022-07-28","2022-08-02"
30,"MELISSA","KING","6","2022-07-27","2022-08-01"
257,"MARSHA","DOUGLAS","5","2022-08-19","2022-08-23"
142,"APRIL","BURNS","5","2022-08-19","2022-08-23"
26,"JESSICA","HALL","5","2022-06-15","2022-06-19"
71,"KATHY","JAMES","5","2022-07-08","2022-07-12"
459,"TOMMY","COLLAZO","5","2022-07-08","2022-07-12"
34,"REBECCA","SCOTT","5","2022-08-17","2022-08-21"
596,"ENRIQUE","FORSYTHE","5","2022-08-17","2022-08-21"
232,"CONSTANCE","REID","5","2022-08-19","2022-08-23"
273,"PRISCILLA","LOWE","5","2022-07-29","2022-08-02"
452,"TOM","MILNER","5","2022-07-06","2022-07-10"
2,"PATRICIA","JOHNSON","5","2022-07-29","2022-08-02"
180,"STACY","CUNNINGHAM","5","2022-07-29","2022-08-02"
358,"SAMUEL","MARLOW","5","2022-07-29","2022-08-02"
135,"JUANITA","MASON","5","2022-08-17","2022-08-21"
418,"JEFF","EAST","5","2022-07-29","2022-08-02"
351,"JACK","FOUST","5","2022-07-08","2022-07-12"
468,"TIM","CARY","5","2022-06-15","2022-06-19"
410,"CURTIS","IRBY","5","2022-08-19","2022-08-23"
482,"MAURICE","CRAWLEY","5","2022-07-08","2022-07-12"
514,"FRANKLIN","TROUTMAN","5","2022-08-17","2022-08-21"
268,"NINA","SOTO","5","2022-07-08","2022-07-12"
7,"MARIA","MILLER","5","2022-08-17","2022-08-21"
475,"PEDRO","CHESTNUT","5","2022-07-07","2022-07-11"
158,"VERONICA","STONE","5","2022-07-27","2022-07-31"
5,"ELIZABETH","BROWN","5","2022-07-08","2022-07-12"
456,"RONNIE","RICKETTS","5","2022-06-15","2022-06-19"
573,"BYRON","BOX","5","2022-07-06","2022-07-10"
583,"MARSHALL","THORN","5","2022-07-06","2022-07-10"
247,"STELLA","MORENO","5","2022-07-06","2022-07-10"
450,"JAY","ROBB","5","2022-08-19","2022-08-23"
520,"MITCHELL","WESTMORELAND","5","2022-08-17","2022-08-21"
242,"GLENDA","FRAZIER","5","2022-07-29","2022-08-02"
362,"NICHOLAS","BARFIELD","5","2022-07-08","2022-07-12"
459,"TOMMY","COLLAZO","5","2022-07-28","2022-08-01"
274,"NAOMI","JENNINGS","5","2022-07-29","2022-08-02"
526,"KARL","SEAL","5","2022-06-17","2022-06-21"
590,"SETH","HANNON","5","2022-07-08","2022-07-12"
362,"NICHOLAS","BARFIELD","5","2022-08-18","2022-08-22"
279,"DIANNE","SHELTON","5","2022-08-19","2022-08-23"
341,"PETER","MENARD","5","2022-08-19","2022-08-23"
598,"WADE","DELVALLE","5","2022-07-27","2022-07-31"
360,"RALPH","MADRIGAL","5","2022-07-27","2022-07-31"
108,"TRACY","COLE","5","2022-07-06","2022-07-10"
575,"ISAAC","OGLESBY","5","2022-07-29","2022-08-02"
163,"CATHY","SPENCER","5","2022-08-17","2022-08-21"
289,"VIOLET","RODRIQUEZ","5","2022-08-18","2022-08-22"
382,"VICTOR","BARKLEY","5","2022-07-28","2022-08-01"
363,"ROY","WHITING","5","2022-08-18","2022-08-22"
289,"VIOLET","RODRIQUEZ","5","2022-07-08","2022-07-12"
86,"JACQUELINE","LONG","5","2022-07-06","2022-07-10"
219,"WILLIE","HOWELL","5","2022-07-08","2022-07-12"
16,"SANDRA","MARTIN","5","2022-08-17","2022-08-21"
522,"ARNOLD","HAVENS","5","2022-07-06","2022-07-10"
537,"CLINTON","BUFORD","5","2022-08-19","2022-08-23"
54,"TERESA","ROGERS","5","2022-07-08","2022-07-12"
291,"TONI","HOLT","5","2022-07-29","2022-08-02"
269,"CASSANDRA","WALTERS","5","2022-08-17","2022-08-21"
37,"PAMELA","BAKER","5","2022-08-19","2022-08-23"
145,"LUCILLE","HOLMES","5","2022-08-17","2022-08-21"
258,"MYRTLE","FLEMING","5","2022-07-07","2022-07-11"
16,"SANDRA","MARTIN","5","2022-07-29","2022-08-02"
463,"DARRELL","POWER","5","2022-07-29","2022-08-02"
404,"STANLEY","SCROGGINS","5","2022-07-08","2022-07-12"
91,"LOIS","BUTLER","5","2022-07-27","2022-07-31"
204,"ROSEMARY","SCHMIDT","5","2022-06-15","2022-06-19"
265,"JENNIE","TERRY","5","2022-07-08","2022-07-12"
146,"JAMIE","RICE","5","2022-08-17","2022-08-21"
506,"LESLIE","SEWARD","5","2022-08-19","2022-08-23"
109,"EDNA","WEST","5","2022-06-16","2022-06-20"
244,"VIOLA","HANSON","5","2022-07-29","2022-08-02"
244,"VIOLA","HANSON","5","2022-07-08","2022-07-12"
409,"RODNEY","MOELLER","5","2022-07-08","2022-07-12"
170,"BEATRICE","ARNOLD","5","2022-07-06","2022-07-10"
297,"SHERRI","RHODES","5","2022-08-17","2022-08-21"
19,"RUTH","MARTINEZ","5","2022-05-25","2022-05-29"
87,"WANDA","PATTERSON","5","2022-06-16","2022-06-20"
307,"JOSEPH","JOY","5","2022-06-17","2022-06-21"
481,"HERMAN","DEVORE","5","2022-08-17","2022-08-21"
118,"KIM","CRUZ","5","2022-07-27","2022-07-31"
304,"DAVID","ROYAL","5","2022-07-08","2022-07-12"
128,"MARJORIE","TUCKER","5","2022-07-28","2022-08-01"
418,"JEFF","EAST","5","2022-08-19","2022-08-23"
213,"GINA","WILLIAMSON","5","2022-06-17","2022-06-21"
147,"JOANNE","ROBERTSON","5","2022-07-08","2022-07-12"
450,"JAY","ROBB","5","2022-06-16","2022-06-20"
329,"FRANK","WAGGONER","5","2022-06-17","2022-06-21"
550,"GUY","BROWNLEE","5","2022-07-27","2022-07-31"
48,"ANN","EVANS","5","2022-07-28","2022-08-01"
437,"RANDALL","NEUMANN","5","2022-07-29","2022-08-02"
76,"IRENE","PRICE","5","2022-07-29","2022-08-02"
253,"TERRY","CARLSON","5","2022-06-15","2022-06-19"
59,"CHERYL","MURPHY","5","2022-08-19","2022-08-23"
408,"MANUEL","MURRELL","5","2022-07-27","2022-07-31"
236,"MARCIA","DEAN","5","2022-07-27","2022-07-31"
563,"KEN","PREWITT","5","2022-08-17","2022-08-21"
558,"JIMMIE","EGGLESTON","5","2022-06-17","2022-06-21"
35,"VIRGINIA","GREEN","5","2022-06-16","2022-06-20"
433,"DON","BONE","5","2022-08-17","2022-08-21"
389,"ALAN","KAHN","5","2022-07-08","2022-07-12"
237,"TANYA","GILBERT","5","2022-07-27","2022-07-31"
519,"RON","DELUCA","5","2022-07-08","2022-07-12"
75,"TAMMY","SANDERS","5","2022-06-17","2022-06-21"
278,"BILLIE","HORTON","5","2022-08-19","2022-08-23"
58,"JEAN","BELL","5","2022-08-18","2022-08-22"
207,"GERTRUDE","CASTILLO","5","2022-07-06","2022-07-10"
313,"DONALD","MAHON","5","2022-07-29","2022-08-02"
485,"CLYDE","TOBIAS","5","2022-07-06","2022-07-10"
293,"MAE","FLETCHER","5","2022-08-19","2022-08-23"
574,"JULIAN","VEST","5","2022-07-06","2022-07-10"
592,"TERRANCE","ROUSH","5","2022-07-29","2022-08-02"
15,"HELEN","HARRIS","5","2022-07-27","2022-07-31"
570,"IVAN","CROMWELL","5","2022-07-29","2022-08-02"
286,"VELMA","LUCAS","5","2022-07-27","2022-07-31"
589,"TRACY","HERRMANN","5","2022-08-17","2022-08-21"
10,"DOROTHY","TAYLOR","5","2022-06-16","2022-06-20"
490,"SAM","MCDUFFIE","5","2022-07-29","2022-08-02"
167,"SALLY","PIERCE","5","2022-07-28","2022-08-01"
173,"AUDREY","RAY","5","2022-07-28","2022-08-01"
342,"HAROLD","MARTINO","5","2022-08-17","2022-08-21"
452,"TOM","MILNER","5","2022-08-17","2022-08-21"
39,"DEBRA","NELSON","5","2022-06-16","2022-06-20"
257,"MARSHA","DOUGLAS","5","2022-07-27","2022-07-31"
180,"STACY","CUNNINGHAM","5","2022-08-18","2022-08-22"
102,"CRYSTAL","FORD","5","2022-07-06","2022-07-10"
223,"MELINDA","FERNANDEZ","5","2022-08-19","2022-08-23"
300,"JOHN","FARNSWORTH","5","2022-07-27","2022-07-31"
39,"DEBRA","NELSON","5","2022-07-07","2022-07-11"
165,"LORRAINE","STEPHENS","5","2022-07-29","2022-08-02"
512,"CECIL","VINES","5","2022-08-19","2022-08-23"
543,"LANCE","PEMBERTON","5","2022-07-29","2022-08-02"
497,"GILBERT","SLEDGE","5","2022-07-28","2022-08-01"
361,"LAWRENCE","LAWTON","5","2022-08-17","2022-08-21"
150,"DANIELLE","DANIELS","5","2022-08-17","2022-08-21"
585,"PERRY","SWAFFORD","5","2022-07-29","2022-08-02"
240,"MARLENE","WELCH","5","2022-08-17","2022-08-21"
546,"KELLY","KNOTT","5","2022-07-29","2022-08-02"
201,"VICKI","FIELDS","5","2022-08-19","2022-08-23"
566,"CASEY","MENA","5","2022-08-17","2022-08-21"
295,"DAISY","BATES","5","2022-06-17","2022-06-21"
519,"RON","DELUCA","5","2022-08-18","2022-08-22"
152,"ALICIA","MILLS","5","2022-08-17","2022-08-21"
369,"FRED","WHEAT","5","2022-07-29","2022-08-02"
130,"CHARLOTTE","HUNTER","5","2022-06-16","2022-06-20"
255,"IRMA","PEARSON","5","2022-08-17","2022-08-21"
390,"SHAWN","HEATON","5","2022-07-27","2022-07-31"
102,"CRYSTAL","FORD","5","2022-07-27","2022-07-31"
349,"JOE","GILLILAND","5","2022-07-27","2022-07-31"
523,"HARVEY","GUAJARDO","5","2022-07-28","2022-08-01"
340,"PATRICK","NEWSOM","5","2022-08-18","2022-08-22"
451,"JIM","REA","5","2022-08-17","2022-08-21"
455,"JON","WILES","5","2022-08-17","2022-08-21"
25,"DEBORAH","WALKER","5","2022-07-29","2022-08-02"
404,"STANLEY","SCROGGINS","5","2022-08-18","2022-08-22"
23,"SARAH","LEWIS","5","2022-07-27","2022-07-31"
29,"ANGELA","HERNANDEZ","5","2022-07-29","2022-08-02"
349,"JOE","GILLILAND","5","2022-08-19","2022-08-23"
72,"THERESA","WATSON","5","2022-07-29","2022-08-02"
458,"LLOYD","DOWD","5","2022-07-08","2022-07-12"
374,"JEREMY","HURTADO","5","2022-07-28","2022-08-01"
471,"DEAN","SAUER","5","2022-07-29","2022-08-02"
327,"LARRY","THRASHER","5","2022-06-15","2022-06-19"
217,"AGNES","BISHOP","5","2022-07-29","2022-08-02"
63,"ASHLEY","RICHARDSON","4","2022-07-29","2022-08-01"
287,"BECKY","MILES","4","2022-07-08","2022-07-11"
21,"MICHELLE","CLARK","4","2022-07-30","2022-08-02"
77,"JANE","BENNETT","4","2022-07-30","2022-08-02"
213,"GINA","WILLIAMSON","4","2022-07-29","2022-08-01"
174,"YVONNE","WATKINS","4","2022-07-29","2022-08-01"
265,"JENNIE","TERRY","4","2022-07-27","2022-07-30"
366,"BRANDON","HUEY","4","2022-08-20","2022-08-23"
436,"TROY","QUIGLEY","4","2022-07-30","2022-08-02"
122,"THELMA","MURRAY","4","2022-07-06","2022-07-09"
477,"DAN","PAINE","4","2022-07-27","2022-07-30"
24,"KIMBERLY","LEE","4","2022-07-30","2022-08-02"
168,"REGINA","BERRY","4","2022-07-09","2022-07-12"
109,"EDNA","WEST","4","2022-05-26","2022-05-29"
207,"GERTRUDE","CASTILLO","4","2022-05-28","2022-05-31"
411,"NORMAN","CURRIER","4","2022-08-20","2022-08-23"
46,"CATHERINE","CAMPBELL","4","2022-07-30","2022-08-02"
262,"PATSY","DAVIDSON","4","2022-08-20","2022-08-23"
431,"JOEL","FRANCISCO","4","2022-06-16","2022-06-19"
285,"MIRIAM","MCKINNEY","4","2022-07-09","2022-07-12"
562,"WALLACE","SLONE","4","2022-08-17","2022-08-20"
296,"RAMONA","HALE","4","2022-07-08","2022-07-11"
93,"PHYLLIS","FOSTER","4","2022-08-20","2022-08-23"
365,"BRUCE","SCHWARZ","4","2022-08-18","2022-08-21"
107,"FLORENCE","WOODS","4","2022-07-09","2022-07-12"
221,"BESSIE","MORRISON","4","2022-07-07","2022-07-10"
531,"JAMIE","WAUGH","4","2022-07-27","2022-07-30"
43,"CHRISTINE","ROBERTS","4","2022-07-27","2022-07-30"
292,"MISTY","LAMBERT","4","2022-07-09","2022-07-12"
209,"TONYA","CHAPMAN","4","2022-07-06","2022-07-09"
209,"TONYA","CHAPMAN","4","2022-08-20","2022-08-23"
466,"LEO","EBERT","4","2022-08-20","2022-08-23"
527,"CORY","MEEHAN","4","2022-07-30","2022-08-02"
80,"MARILYN","ROSS","4","2022-07-06","2022-07-09"
298,"ERIKA","PENA","4","2022-07-06","2022-07-09"
289,"VIOLET","RODRIQUEZ","4","2022-06-17","2022-06-20"
32,"AMY","LOPEZ","4","2022-06-17","2022-06-20"
63,"ASHLEY","RICHARDSON","4","2022-08-17","2022-08-20"
436,"TROY","QUIGLEY","4","2022-08-17","2022-08-20"
470,"GORDON","ALLARD","4","2022-07-06","2022-07-09"
388,"CRAIG","MORRELL","4","2022-07-28","2022-07-31"
135,"JUANITA","MASON","4","2022-07-09","2022-07-12"
338,"DENNIS","GILMAN","4","2022-07-06","2022-07-09"
268,"NINA","SOTO","4","2022-06-15","2022-06-18"
345,"CARL","ARTIS","4","2022-07-27","2022-07-30"
389,"ALAN","KAHN","4","2022-07-27","2022-07-30"
243,"LYDIA","BURKE","4","2022-08-18","2022-08-21"
501,"RUBEN","GEARY","4","2022-07-27","2022-07-30"
75,"TAMMY","SANDERS","4","2022-07-06","2022-07-09"
565,"JAIME","NETTLES","4","2022-08-17","2022-08-20"
237,"TANYA","GILBERT","4","2022-08-20","2022-08-23"
148,"ELEANOR","HUNT","4","2022-07-28","2022-07-31"
331,"ERIC","ROBERT","4","2022-08-20","2022-08-23"
107,"FLORENCE","WOODS","4","2022-07-27","2022-07-30"
493,"BRENT","HARKINS","4","2022-06-17","2022-06-20"
222,"DELORES","HANSEN","4","2022-07-09","2022-07-12"
479,"ZACHARY","HITE","4","2022-08-17","2022-08-20"
89,"JULIA","FLORES","4","2022-07-07","2022-07-10"
72,"THERESA","WATSON","4","2022-08-17","2022-08-20"
210,"ELLA","OLIVER","4","2022-07-06","2022-07-09"
193,"KATIE","ELLIOTT","4","2022-06-18","2022-06-21"
358,"SAMUEL","MARLOW","4","2022-08-17","2022-08-20"
445,"MICHEAL","FORMAN","4","2022-07-30","2022-08-02"
455,"JON","WILES","4","2022-06-15","2022-06-18"
97,"ANNIE","RUSSELL","4","2022-07-06","2022-07-09"
504,"NATHANIEL","ADAM","4","2022-07-06","2022-07-09"
455,"JON","WILES","4","2022-07-07","2022-07-10"
30,"MELISSA","KING","4","2022-08-20","2022-08-23"
511,"CHESTER","BENNER","4","2022-07-08","2022-07-11"
38,"MARTHA","GONZALEZ","4","2022-07-07","2022-07-10"
493,"BRENT","HARKINS","4","2022-08-20","2022-08-23"
497,"GILBERT","SLEDGE","4","2022-07-06","2022-07-09"
120,"SYLVIA","ORTIZ","4","2022-08-19","2022-08-22"
171,"DOLORES","WAGNER","4","2022-08-18","2022-08-21"
33,"ANNA","HILL","4","2022-08-19","2022-08-22"
260,"CHRISTY","VARGAS","4","2022-07-27","2022-07-30"
486,"GLEN","TALBERT","4","2022-07-06","2022-07-09"
113,"CINDY","FISHER","4","2022-07-09","2022-07-12"
308,"THOMAS","GRIGSBY","4","2022-08-17","2022-08-20"
403,"MIKE","WAY","4","2022-07-30","2022-08-02"
59,"CHERYL","MURPHY","4","2022-07-28","2022-07-31"
594,"EDUARDO","HIATT","4","2022-06-16","2022-06-19"
239,"MINNIE","ROMERO","4","2022-08-17","2022-08-20"
218,"VERA","MCCOY","4","2022-08-17","2022-08-20"
251,"VICKIE","BREWER","4","2022-07-06","2022-07-09"
338,"DENNIS","GILMAN","4","2022-06-15","2022-06-18"
235,"JACKIE","LYNCH","4","2022-07-28","2022-07-31"
347,"RYAN","SALISBURY","4","2022-07-28","2022-07-31"
349,"JOE","GILLILAND","4","2022-07-06","2022-07-09"
240,"MARLENE","WELCH","4","2022-07-09","2022-07-12"
85,"ANNE","POWELL","4","2022-07-30","2022-08-02"
116,"VICTORIA","GIBSON","4","2022-07-30","2022-08-02"
161,"GERALDINE","PERKINS","4","2022-07-06","2022-07-09"
337,"JERRY","JORDON","4","2022-07-06","2022-07-09"
366,"BRANDON","HUEY","4","2022-07-27","2022-07-30"
81,"ANDREA","HENDERSON","4","2022-08-20","2022-08-23"
57,"EVELYN","MORGAN","4","2022-07-29","2022-08-01"
399,"DANNY","ISOM","4","2022-07-09","2022-07-12"
545,"JULIO","NOLAND","4","2022-08-17","2022-08-20"
204,"ROSEMARY","SCHMIDT","4","2022-07-30","2022-08-02"
571,"JOHNNIE","CHISHOLM","4","2022-06-15","2022-06-18"
305,"RICHARD","MCCRARY","4","2022-08-17","2022-08-20"
560,"JORDAN","ARCHULETA","4","2022-07-06","2022-07-09"
287,"BECKY","MILES","4","2022-07-30","2022-08-02"
154,"MICHELE","GRANT","4","2022-08-20","2022-08-23"
90,"RUBY","WASHINGTON","4","2022-07-27","2022-07-30"
302,"MICHAEL","SILVERMAN","4","2022-07-29","2022-08-01"
314,"GEORGE","LINTON","4","2022-07-09","2022-07-12"
225,"ARLENE","HARVEY","4","2022-07-06","2022-07-09"
469,"WESLEY","BULL","4","2022-07-09","2022-07-12"
128,"MARJORIE","TUCKER","4","2022-07-09","2022-07-12"
188,"MELANIE","ARMSTRONG","4","2022-08-20","2022-08-23"
159,"JILL","HAWKINS","4","2022-08-19","2022-08-22"
66,"JANICE","WARD","4","2022-08-20","2022-08-23"
196,"ALMA","AUSTIN","4","2022-08-18","2022-08-21"
71,"KATHY","JAMES","4","2022-07-27","2022-07-30"
321,"KEVIN","SCHULER","4","2022-07-09","2022-07-12"
555,"DWIGHT","LOMBARDI","4","2022-07-28","2022-07-31"
109,"EDNA","WEST","4","2022-07-30","2022-08-02"
534,"CHRISTIAN","JUNG","4","2022-07-27","2022-07-30"
74,"DENISE","KELLY","4","2022-06-18","2022-06-21"
114,"GRACE","ELLIS","4","2022-08-20","2022-08-23"
278,"BILLIE","HORTON","4","2022-07-27","2022-07-30"
216,"NATALIE","MEYER","4","2022-08-20","2022-08-23"
89,"JULIA","FLORES","4","2022-07-30","2022-08-02"
83,"LOUISE","JENKINS","4","2022-08-17","2022-08-20"
595,"TERRENCE","GUNDERSON","4","2022-07-30","2022-08-02"
592,"TERRANCE","ROUSH","4","2022-08-17","2022-08-20"
456,"RONNIE","RICKETTS","4","2022-08-18","2022-08-21"
238,"NELLIE","GARRETT","4","2022-07-29","2022-08-01"
214,"KRISTIN","JOHNSTON","4","2022-08-18","2022-08-21"
13,"KAREN","JACKSON","4","2022-08-19","2022-08-22"
38,"MARTHA","GONZALEZ","4","2022-07-30","2022-08-02"
342,"HAROLD","MARTINO","4","2022-07-30","2022-08-02"
8,"SUSAN","WILSON","4","2022-07-06","2022-07-09"
114,"GRACE","ELLIS","4","2022-07-09","2022-07-12"
290,"KRISTINA","CHAMBERS","4","2022-08-17","2022-08-20"
176,"JUNE","CARROLL","4","2022-07-27","2022-07-30"
460,"LEON","BOSTIC","4","2022-08-17","2022-08-20"
167,"SALLY","PIERCE","4","2022-07-08","2022-07-11"
360,"RALPH","MADRIGAL","4","2022-08-19","2022-08-22"
397,"JIMMY","SCHRADER","4","2022-07-09","2022-07-12"
588,"MARION","OCAMPO","4","2022-07-27","2022-07-30"
380,"RUSSELL","BRINSON","4","2022-07-30","2022-08-02"
366,"BRANDON","HUEY","4","2022-07-06","2022-07-09"
346,"ARTHUR","SIMPKINS","4","2022-07-09","2022-07-12"
70,"CHRISTINA","RAMIREZ","4","2022-08-17","2022-08-20"
197,"SUE","PETERS","4","2022-07-30","2022-08-02"
137,"RHONDA","KENNEDY","4","2022-06-18","2022-06-21"
468,"TIM","CARY","4","2022-05-25","2022-05-28"
486,"GLEN","TALBERT","4","2022-08-18","2022-08-21"
539,"MATHEW","BOLIN","4","2022-07-28","2022-07-31"
459,"TOMMY","COLLAZO","4","2022-08-20","2022-08-23"
45,"JANET","PHILLIPS","4","2022-07-08","2022-07-11"
42,"CAROLYN","PEREZ","4","2022-07-09","2022-07-12"
129,"CARRIE","PORTER","4","2022-07-06","2022-07-09"
310,"DANIEL","CABRAL","4","2022-07-28","2022-07-31"
56,"GLORIA","COOK","4","2022-07-06","2022-07-09"
572,"SIDNEY","BURLESON","4","2022-08-17","2022-08-20"
306,"CHARLES","KOWALSKI","4","2022-08-17","2022-08-20"
106,"CONNIE","WALLACE","4","2022-07-30","2022-08-02"
424,"KYLE","SPURLOCK","4","2022-07-30","2022-08-02"
499,"MARC","OUTLAW","4","2022-08-17","2022-08-20"
417,"TRAVIS","ESTEP","4","2022-08-20","2022-08-23"
355,"TERRY","GRISSOM","4","2022-07-09","2022-07-12"
193,"KATIE","ELLIOTT","4","2022-08-20","2022-08-23"
419,"CHAD","CARBONE","4","2022-07-09","2022-07-12"
74,"DENISE","KELLY","4","2022-07-29","2022-08-01"
103,"GLADYS","HAMILTON","4","2022-07-06","2022-07-09"
535,"JAVIER","ELROD","4","2022-07-29","2022-08-01"
569,"DAVE","GARDINER","4","2022-07-30","2022-08-02"
227,"COLLEEN","BURTON","4","2022-07-06","2022-07-09"
14,"BETTY","WHITE","4","2022-05-26","2022-05-29"
252,"MATTIE","HOFFMAN","4","2022-07-27","2022-07-30"
503,"ANGEL","BARCLAY","4","2022-08-17","2022-08-20"
336,"JOSHUA","MARK","4","2022-06-18","2022-06-21"
453,"CALVIN","MARTEL","4","2022-07-06","2022-07-09"
280,"TRACEY","BARRETT","4","2022-07-27","2022-07-30"
516,"ELMER","NOE","4","2022-06-14","2022-06-17"
582,"ANDY","VANHORN","4","2022-08-20","2022-08-23"
570,"IVAN","CROMWELL","4","2022-06-15","2022-06-18"
84,"SARA","PERRY","4","2022-06-15","2022-06-18"
505,"RAFAEL","ABNEY","4","2022-08-20","2022-08-23"
361,"LAWRENCE","LAWTON","4","2022-06-18","2022-06-21"
453,"CALVIN","MARTEL","4","2022-08-20","2022-08-23"
76,"IRENE","PRICE","4","2022-08-20","2022-08-23"
444,"MARCUS","HIDALGO","4","2022-08-17","2022-08-20"
147,"JOANNE","ROBERTSON","4","2022-08-20","2022-08-23"
191,"JEANETTE","GREENE","4","2022-07-29","2022-08-01"
297,"SHERRI","RHODES","4","2022-07-30","2022-08-02"
170,"BEATRICE","ARNOLD","4","2022-08-18","2022-08-21"
211,"STACEY","MONTGOMERY","4","2022-07-30","2022-08-02"
118,"KIM","CRUZ","4","2022-07-09","2022-07-12"
525,"ADRIAN","CLARY","4","2022-07-30","2022-08-02"
402,"LUIS","YANEZ","4","2022-07-06","2022-07-09"
542,"LONNIE","TIRADO","4","2022-07-09","2022-07-12"
13,"KAREN","JACKSON","4","2022-07-28","2022-07-31"
148,"ELEANOR","HUNT","4","2022-07-06","2022-07-09"
479,"ZACHARY","HITE","4","2022-07-30","2022-08-02"
484,"ROBERTO","VU","4","2022-07-09","2022-07-12"
373,"LOUIS","LEONE","4","2022-08-17","2022-08-20"
513,"DUANE","TUBBS","4","2022-08-17","2022-08-20"
549,"NELSON","CHRISTENSON","4","2022-07-29","2022-08-01"
276,"BRANDY","GRAVES","4","2022-07-30","2022-08-02"
583,"MARSHALL","THORN","4","2022-06-18","2022-06-21"
11,"LISA","ANDERSON","4","2022-07-27","2022-07-30"
384,"ERNEST","STEPP","4","2022-06-17","2022-06-20"
462,"WARREN","SHERROD","4","2022-08-17","2022-08-20"
296,"RAMONA","HALE","4","2022-08-20","2022-08-23"
275,"CAROLE","BARNETT","4","2022-07-27","2022-07-30"
489,"RICARDO","MEADOR","4","2022-08-20","2022-08-23"
454,"ALEX","GRESHAM","4","2022-06-16","2022-06-19"
220,"CHARLENE","ALVAREZ","4","2022-08-17","2022-08-20"
367,"ADAM","GOOCH","4","2022-07-29","2022-08-01"
19,"RUTH","MARTINEZ","4","2022-08-20","2022-08-23"
412,"ALLEN","BUTTERFIELD","4","2022-08-20","2022-08-23"
597,"FREDDIE","DUGGAN","4","2022-07-30","2022-08-02"
132,"ESTHER","CRAWFORD","4","2022-06-17","2022-06-20"
556,"ARMANDO","GRUBER","4","2022-07-30","2022-08-02"
251,"VICKIE","BREWER","4","2022-07-29","2022-08-01"
156,"BERTHA","FERGUSON","4","2022-07-30","2022-08-02"
168,"REGINA","BERRY","4","2022-07-29","2022-08-01"
396,"EARL","SHANKS","4","2022-07-29","2022-08-01"
76,"IRENE","PRICE","4","2022-06-15","2022-06-18"
245,"COURTNEY","DAY","4","2022-07-09","2022-07-12"
141,"DEBBIE","REYES","4","2022-07-07","2022-07-10"
171,"DOLORES","WAGNER","4","2022-06-16","2022-06-19"
39,"DEBRA","NELSON","4","2022-07-29","2022-08-01"
57,"EVELYN","MORGAN","4","2022-07-09","2022-07-12"
154,"MICHELE","GRANT","4","2022-07-27","2022-07-30"
426,"BRADLEY","MOTLEY","4","2022-06-16","2022-06-19"
241,"HEIDI","LARSON","4","2022-07-08","2022-07-11"
314,"GEORGE","LINTON","4","2022-07-27","2022-07-30"
59,"CHERYL","MURPHY","4","2022-07-07","2022-07-10"
204,"ROSEMARY","SCHMIDT","4","2022-07-09","2022-07-12"
158,"VERONICA","STONE","4","2022-08-17","2022-08-20"
343,"DOUGLAS","GRAF","4","2022-07-30","2022-08-02"
485,"CLYDE","TOBIAS","4","2022-07-30","2022-08-02"
27,"SHIRLEY","ALLEN","4","2022-07-30","2022-08-02"
567,"ALFREDO","MCADAMS","4","2022-07-29","2022-08-01"
96,"DIANA","ALEXANDER","4","2022-07-28","2022-07-31"
173,"AUDREY","RAY","4","2022-07-08","2022-07-11"
169,"ERICA","MATTHEWS","4","2022-07-27","2022-07-30"
294,"SHELLY","WATTS","4","2022-07-30","2022-08-02"
116,"VICTORIA","GIBSON","4","2022-07-06","2022-07-09"
473,"JORGE","OLIVARES","4","2022-08-20","2022-08-23"
236,"MARCIA","DEAN","4","2022-07-08","2022-07-11"
68,"NICOLE","PETERSON","4","2022-08-20","2022-08-23"
393,"PHILIP","CAUSEY","4","2022-08-17","2022-08-20"
112,"ROSA","REYNOLDS","4","2022-07-30","2022-08-02"
494,"RAMON","CHOATE","4","2022-07-06","2022-07-09"
58,"JEAN","BELL","4","2022-07-30","2022-08-02"
131,"MONICA","HICKS","4","2022-07-27","2022-07-30"
12,"NANCY","THOMAS","4","2022-06-18","2022-06-21"
431,"JOEL","FRANCISCO","4","2022-08-17","2022-08-20"
240,"MARLENE","WELCH","4","2022-07-27","2022-07-30"
242,"GLENDA","FRAZIER","4","2022-07-05","2022-07-08"
468,"TIM","CARY","4","2022-07-06","2022-07-09"
112,"ROSA","REYNOLDS","4","2022-08-20","2022-08-23"
445,"MICHEAL","FORMAN","4","2022-08-20","2022-08-23"
372,"STEVE","MACKENZIE","4","2022-07-27","2022-07-30"
473,"JORGE","OLIVARES","4","2022-07-06","2022-07-09"
137,"RHONDA","KENNEDY","4","2022-07-30","2022-08-02"
208,"LUCY","WHEELER","4","2022-07-09","2022-07-12"
284,"SONIA","GREGORY","4","2022-07-06","2022-07-09"
113,"CINDY","FISHER","4","2022-06-17","2022-06-20"
532,"NEIL","RENNER","4","2022-08-17","2022-08-20"
545,"JULIO","NOLAND","4","2022-07-06","2022-07-09"
189,"LORETTA","CARPENTER","4","2022-07-30","2022-08-02"
472,"GREG","ROBINS","4","2022-07-09","2022-07-12"
535,"JAVIER","ELROD","4","2022-08-20","2022-08-23"
17,"DONNA","THOMPSON","4","2022-07-28","2022-07-31"
255,"IRMA","PEARSON","4","2022-07-27","2022-07-30"
32,"AMY","LOPEZ","4","2022-07-27","2022-07-30"
92,"TINA","SIMMONS","4","2022-07-27","2022-07-30"
339,"WALTER","PERRYMAN","4","2022-07-30","2022-08-02"
495,"CHARLIE","BESS","4","2022-06-17","2022-06-20"
302,"MICHAEL","SILVERMAN","4","2022-08-18","2022-08-21"
423,"ALFRED","CASILLAS","4","2022-07-27","2022-07-30"
425,"FRANCIS","SIKES","4","2022-07-06","2022-07-09"
528,"CLAUDE","HERZOG","4","2022-07-06","2022-07-09"
474,"DUSTIN","GILLETTE","4","2022-07-06","2022-07-09"
261,"DEANNA","BYRD","4","2022-08-17","2022-08-20"
502,"BRETT","CORNWELL","4","2022-07-30","2022-08-02"
133,"PAULINE","HENRY","4","2022-07-29","2022-08-01"
301,"ROBERT","BAUGHMAN","4","2022-07-07","2022-07-10"
471,"DEAN","SAUER","4","2022-08-20","2022-08-23"
10,"DOROTHY","TAYLOR","4","2022-08-17","2022-08-20"
532,"NEIL","RENNER","4","2022-07-09","2022-07-12"
371,"BILLY","POULIN","4","2022-08-18","2022-08-21"
552,"HUGH","WALDROP","4","2022-08-18","2022-08-21"
62,"JOAN","COOPER","4","2022-08-20","2022-08-23"
589,"TRACY","HERRMANN","4","2022-07-27","2022-07-30"
528,"CLAUDE","HERZOG","4","2022-05-26","2022-05-29"
476,"DERRICK","BOURQUE","4","2022-07-30","2022-08-02"
198,"ELSIE","KELLEY","4","2022-07-30","2022-08-02"
122,"THELMA","MURRAY","4","2022-08-18","2022-08-21"
149,"VALERIE","BLACK","4","2022-06-16","2022-06-19"
427,"JESUS","MCCARTNEY","4","2022-06-15","2022-06-18"
35,"VIRGINIA","GREEN","4","2022-07-09","2022-07-12"
186,"HOLLY","FOX","4","2022-07-28","2022-07-31"
420,"JACOB","LANCE","4","2022-07-09","2022-07-12"
86,"JACQUELINE","LONG","4","2022-07-27","2022-07-30"
80,"MARILYN","ROSS","4","2022-08-17","2022-08-20"
484,"ROBERTO","VU","4","2022-07-29","2022-08-01"
374,"JEREMY","HURTADO","4","2022-06-16","2022-06-19"
332,"STEPHEN","QUALLS","4","2022-07-30","2022-08-02"
256,"MABEL","HOLLAND","4","2022-06-16","2022-06-19"
29,"ANGELA","HERNANDEZ","4","2022-07-07","2022-07-10"
564,"BOB","PFEIFFER","4","2022-07-29","2022-08-01"
487,"HECTOR","POINDEXTER","4","2022-08-17","2022-08-20"
408,"MANUEL","MURRELL","4","2022-08-18","2022-08-21"
273,"PRISCILLA","LOWE","4","2022-08-20","2022-08-23"
334,"RAYMOND","MCWHORTER","4","2022-07-30","2022-08-02"
309,"CHRISTOPHER","GRECO","4","2022-07-06","2022-07-09"
187,"BRITTANY","RILEY","4","2022-07-09","2022-07-12"
60,"MILDRED","BAILEY","4","2022-07-30","2022-08-02"
413,"MARVIN","YEE","4","2022-08-17","2022-08-20"
377,"HOWARD","FORTNER","4","2022-07-30","2022-08-02"
322,"JASON","MORRISSEY","4","2022-06-18","2022-06-21"
193,"KATIE","ELLIOTT","4","2022-07-29","2022-08-01"
440,"BERNARD","COLBY","4","2022-07-07","2022-07-10"
239,"MINNIE","ROMERO","3","2022-07-31","2022-08-02"
299,"JAMES","GANNON","3","2022-06-19","2022-06-21"
186,"HOLLY","FOX","3","2022-06-15","2022-06-17"
595,"TERRENCE","GUNDERSON","3","2022-07-10","2022-07-12"
2,"PATRICIA","JOHNSON","3","2022-08-21","2022-08-23"
592,"TERRANCE","ROUSH","3","2022-07-06","2022-07-08"
416,"JEFFERY","PINSON","3","2022-08-21","2022-08-23"
56,"GLORIA","COOK","3","2022-07-27","2022-07-29"
370,"WAYNE","TRUONG","3","2022-08-21","2022-08-23"
270,"LEAH","CURTIS","3","2022-07-31","2022-08-02"
85,"ANNE","POWELL","3","2022-07-08","2022-07-10"
24,"KIMBERLY","LEE","3","2022-08-17","2022-08-19"
163,"CATHY","SPENCER","3","2022-07-10","2022-07-12"
427,"JESUS","MCCARTNEY","3","2022-08-20","2022-08-22"
271,"PENNY","NEAL","3","2022-07-31","2022-08-02"
323,"MATTHEW","MAHAN","3","2022-08-21","2022-08-23"
267,"MARGIE","WADE","3","2022-08-21","2022-08-23"
121,"JOSEPHINE","GOMEZ","3","2022-08-21","2022-08-23"
65,"ROSE","HOWARD","3","2022-07-06","2022-07-08"
483,"VERNON","CHAPA","3","2022-07-27","2022-07-29"
313,"DONALD","MAHON","3","2022-05-28","2022-05-30"
104,"RITA","GRAHAM","3","2022-07-29","2022-07-31"
231,"GEORGIA","JACOBS","3","2022-07-29","2022-07-31"
156,"BERTHA","FERGUSON","3","2022-06-17","2022-06-19"
18,"CAROL","GARCIA","3","2022-07-28","2022-07-30"
243,"LYDIA","BURKE","3","2022-07-29","2022-07-31"
58,"JEAN","BELL","3","2022-06-18","2022-06-20"
278,"BILLIE","HORTON","3","2022-07-06","2022-07-08"
85,"ANNE","POWELL","3","2022-06-19","2022-06-21"
127,"ELAINE","STEVENS","3","2022-07-31","2022-08-02"
33,"ANNA","HILL","3","2022-07-09","2022-07-11"
346,"ARTHUR","SIMPKINS","3","2022-07-31","2022-08-02"
69,"JUDY","GRAY","3","2022-07-10","2022-07-12"
307,"JOSEPH","JOY","3","2022-07-27","2022-07-29"
557,"FELIX","GAFFNEY","3","2022-08-18","2022-08-20"
324,"GARY","COY","3","2022-07-27","2022-07-29"
108,"TRACY","COLE","3","2022-07-29","2022-07-31"
113,"CINDY","FISHER","3","2022-08-17","2022-08-19"
115,"WENDY","HARRISON","3","2022-07-31","2022-08-02"
307,"JOSEPH","JOY","3","2022-07-31","2022-08-02"
224,"PEARL","GARZA","3","2022-08-21","2022-08-23"
43,"CHRISTINE","ROBERTS","3","2022-07-08","2022-07-10"
72,"THERESA","WATSON","3","2022-05-29","2022-05-31"
23,"SARAH","LEWIS","3","2022-06-19","2022-06-21"
66,"JANICE","WARD","3","2022-07-06","2022-07-08"
234,"CLAUDIA","FULLER","3","2022-06-19","2022-06-21"
576,"MORRIS","MCCARTER","3","2022-07-30","2022-08-01"
467,"ALVIN","DELOACH","3","2022-08-21","2022-08-23"
67,"KELLY","TORRES","3","2022-07-09","2022-07-11"
73,"BEVERLY","BROOKS","3","2022-07-07","2022-07-09"
512,"CECIL","VINES","3","2022-07-08","2022-07-10"
384,"ERNEST","STEPP","3","2022-08-20","2022-08-22"
594,"EDUARDO","HIATT","3","2022-07-05","2022-07-07"
394,"CHRIS","BROTHERS","3","2022-07-30","2022-08-01"
285,"MIRIAM","MCKINNEY","3","2022-07-27","2022-07-29"
341,"PETER","MENARD","3","2022-06-19","2022-06-21"
566,"CASEY","MENA","3","2022-06-16","2022-06-18"
175,"ANNETTE","OLSON","3","2022-07-31","2022-08-02"
523,"HARVEY","GUAJARDO","3","2022-07-08","2022-07-10"
354,"JUSTIN","NGO","3","2022-06-18","2022-06-20"
556,"ARMANDO","GRUBER","3","2022-06-19","2022-06-21"
12,"NANCY","THOMAS","3","2022-07-30","2022-08-01"
388,"CRAIG","MORRELL","3","2022-07-10","2022-07-12"
27,"SHIRLEY","ALLEN","3","2022-06-15","2022-06-17"
482,"MAURICE","CRAWLEY","3","2022-08-21","2022-08-23"
305,"RICHARD","MCCRARY","3","2022-06-16","2022-06-18"
389,"ALAN","KAHN","3","2022-08-21","2022-08-23"
244,"VIOLA","HANSON","3","2022-08-20","2022-08-22"
261,"DEANNA","BYRD","3","2022-06-16","2022-06-18"
16,"SANDRA","MARTIN","3","2022-07-06","2022-07-08"
460,"LEON","BOSTIC","3","2022-07-27","2022-07-29"
461,"DEREK","BLAKELY","3","2022-08-21","2022-08-23"
340,"PATRICK","NEWSOM","3","2022-07-31","2022-08-02"
466,"LEO","EBERT","3","2022-07-09","2022-07-11"
348,"ROGER","QUINTANILLA","3","2022-07-27","2022-07-29"
326,"JOSE","ANDREW","3","2022-07-31","2022-08-02"
430,"RAY","HOULE","3","2022-07-09","2022-07-11"
164,"JOANN","GARDNER","3","2022-07-27","2022-07-29"
528,"CLAUDE","HERZOG","3","2022-08-19","2022-08-21"
587,"SERGIO","STANFIELD","3","2022-07-31","2022-08-02"
491,"RICK","MATTOX","3","2022-07-31","2022-08-02"
439,"ALEXANDER","FENNELL","3","2022-06-15","2022-06-17"
263,"HILDA","HOPKINS","3","2022-08-17","2022-08-19"
567,"ALFREDO","MCADAMS","3","2022-08-17","2022-08-19"
363,"ROY","WHITING","3","2022-06-15","2022-06-17"
43,"CHRISTINE","ROBERTS","3","2022-08-21","2022-08-23"
170,"BEATRICE","ARNOLD","3","2022-05-26","2022-05-28"
229,"TAMARA","NGUYEN","3","2022-07-10","2022-07-12"
432,"EDWIN","BURK","3","2022-07-09","2022-07-11"
81,"ANDREA","HENDERSON","3","2022-06-19","2022-06-21"
207,"GERTRUDE","CASTILLO","3","2022-07-31","2022-08-02"
88,"BONNIE","HUGHES","3","2022-07-27","2022-07-29"
293,"MAE","FLETCHER","3","2022-07-28","2022-07-30"
215,"JESSIE","BANKS","3","2022-08-17","2022-08-19"
510,"BEN","EASTER","3","2022-06-15","2022-06-17"
376,"RANDY","GAITHER","3","2022-07-31","2022-08-02"
541,"DARREN","WINDHAM","3","2022-07-31","2022-08-02"
145,"LUCILLE","HOLMES","3","2022-07-06","2022-07-08"
508,"MILTON","HOWLAND","3","2022-07-31","2022-08-02"
551,"CLAYTON","BARBEE","3","2022-07-09","2022-07-11"
586,"KIRK","STCLAIR","3","2022-08-19","2022-08-21"
4,"BARBARA","JONES","3","2022-06-15","2022-06-17"
125,"ETHEL","WEBB","3","2022-08-20","2022-08-22"
179,"DANA","HART","3","2022-07-31","2022-08-02"
160,"ERIN","DUNN","3","2022-08-17","2022-08-19"
435,"RICKY","SHELBY","3","2022-08-17","2022-08-19"
507,"EDGAR","RHOADS","3","2022-07-28","2022-07-30"
56,"GLORIA","COOK","3","2022-06-16","2022-06-18"
79,"RACHEL","BARNES","3","2022-07-30","2022-08-01"
455,"JON","WILES","3","2022-07-27","2022-07-29"
544,"CODY","NOLEN","3","2022-08-21","2022-08-23"
234,"CLAUDIA","FULLER","3","2022-06-15","2022-06-17"
246,"MARIAN","MENDOZA","3","2022-08-19","2022-08-21"
474,"DUSTIN","GILLETTE","3","2022-08-21","2022-08-23"
364,"BENJAMIN","VARNEY","3","2022-06-18","2022-06-20"
144,"CLARA","SHAW","3","2022-07-08","2022-07-10"
38,"MARTHA","GONZALEZ","3","2022-08-21","2022-08-23"
225,"ARLENE","HARVEY","3","2022-07-31","2022-08-02"
376,"RANDY","GAITHER","3","2022-07-06","2022-07-08"
127,"ELAINE","STEVENS","3","2022-08-19","2022-08-21"
304,"DAVID","ROYAL","3","2022-06-15","2022-06-17"
486,"GLEN","TALBERT","3","2022-07-29","2022-07-31"
595,"TERRENCE","GUNDERSON","3","2022-07-06","2022-07-08"
52,"JULIE","SANCHEZ","3","2022-07-09","2022-07-11"
92,"TINA","SIMMONS","3","2022-07-06","2022-07-08"
235,"JACKIE","LYNCH","3","2022-07-10","2022-07-12"
268,"NINA","SOTO","3","2022-08-20","2022-08-22"
272,"KAY","CALDWELL","3","2022-07-31","2022-08-02"
101,"PEGGY","MYERS","3","2022-07-27","2022-07-29"
247,"STELLA","MORENO","3","2022-08-18","2022-08-20"
231,"GEORGIA","JACOBS","3","2022-08-20","2022-08-22"
319,"RONALD","WEINER","3","2022-05-25","2022-05-27"
497,"GILBERT","SLEDGE","3","2022-08-21","2022-08-23"
1,"MARY","SMITH","3","2022-08-17","2022-08-19"
536,"FERNANDO","CHURCHILL","3","2022-07-29","2022-07-31"
267,"MARGIE","WADE","3","2022-06-18","2022-06-20"
95,"PAULA","BRYANT","3","2022-07-30","2022-08-01"
518,"GABRIEL","HARDER","3","2022-07-06","2022-07-08"
129,"CARRIE","PORTER","3","2022-06-19","2022-06-21"
139,"AMBER","DIXON","3","2022-07-08","2022-07-10"
443,"FRANCISCO","SKIDMORE","3","2022-07-31","2022-08-02"
202,"CARLA","GUTIERREZ","3","2022-07-08","2022-07-10"
272,"KAY","CALDWELL","3","2022-07-27","2022-07-29"
526,"KARL","SEAL","3","2022-07-31","2022-08-02"
213,"GINA","WILLIAMSON","3","2022-08-19","2022-08-21"
230,"JOY","GEORGE","3","2022-07-27","2022-07-29"
517,"BRAD","MCCURDY","3","2022-08-17","2022-08-19"
77,"JANE","BENNETT","3","2022-08-20","2022-08-22"
249,"DORA","MEDINA","3","2022-06-15","2022-06-17"
506,"LESLIE","SEWARD","3","2022-07-31","2022-08-02"
451,"JIM","REA","3","2022-07-08","2022-07-10"
8,"SUSAN","WILSON","3","2022-08-21","2022-08-23"
214,"KRISTIN","JOHNSTON","3","2022-07-27","2022-07-29"
481,"HERMAN","DEVORE","3","2022-07-27","2022-07-29"
381,"BOBBY","BOUDREAU","3","2022-07-10","2022-07-12"
325,"TIMOTHY","BUNN","3","2022-07-10","2022-07-12"
367,"ADAM","GOOCH","3","2022-07-10","2022-07-12"
401,"TONY","CARRANZA","3","2022-08-17","2022-08-19"
52,"JULIE","SANCHEZ","3","2022-08-17","2022-08-19"
528,"CLAUDE","HERZOG","3","2022-07-27","2022-07-29"
117,"EDITH","MCDONALD","3","2022-07-10","2022-07-12"
143,"LESLIE","GORDON","3","2022-06-17","2022-06-19"
262,"PATSY","DAVIDSON","3","2022-07-10","2022-07-12"
363,"ROY","WHITING","3","2022-07-27","2022-07-29"
1,"MARY","SMITH","3","2022-07-27","2022-07-29"
338,"DENNIS","GILMAN","3","2022-07-31","2022-08-02"
179,"DANA","HART","3","2022-08-19","2022-08-21"
593,"RENE","MCALISTER","3","2022-06-17","2022-06-19"
405,"LEONARD","SCHOFIELD","3","2022-08-17","2022-08-19"
359,"WILLIE","MARKHAM","3","2022-07-31","2022-08-02"
324,"GARY","COY","3","2022-08-17","2022-08-19"
70,"CHRISTINA","RAMIREZ","3","2022-07-27","2022-07-29"
326,"JOSE","ANDREW","3","2022-07-27","2022-07-29"
369,"FRED","WHEAT","3","2022-07-08","2022-07-10"
536,"FERNANDO","CHURCHILL","3","2022-06-16","2022-06-18"
384,"ERNEST","STEPP","3","2022-07-09","2022-07-11"
26,"JESSICA","HALL","3","2022-08-21","2022-08-23"
48,"ANN","EVANS","3","2022-05-25","2022-05-27"
359,"WILLIE","MARKHAM","3","2022-05-26","2022-05-28"
36,"KATHLEEN","ADAMS","3","2022-07-07","2022-07-09"
596,"ENRIQUE","FORSYTHE","3","2022-07-10","2022-07-12"
114,"GRACE","ELLIS","3","2022-07-27","2022-07-29"
467,"ALVIN","DELOACH","3","2022-07-27","2022-07-29"
170,"BEATRICE","ARNOLD","3","2022-07-31","2022-08-02"
77,"JANE","BENNETT","3","2022-05-27","2022-05-29"
122,"THELMA","MURRAY","3","2022-07-31","2022-08-02"
22,"LAURA","RODRIGUEZ","3","2022-05-27","2022-05-29"
380,"RUSSELL","BRINSON","3","2022-08-21","2022-08-23"
105,"DAWN","SULLIVAN","3","2022-08-18","2022-08-20"
130,"CHARLOTTE","HUNTER","3","2022-07-30","2022-08-01"
161,"GERALDINE","PERKINS","3","2022-08-21","2022-08-23"
259,"LENA","JENSEN","3","2022-05-29","2022-05-31"
249,"DORA","MEDINA","3","2022-08-20","2022-08-22"
133,"PAULINE","HENRY","3","2022-06-19","2022-06-21"
69,"JUDY","GRAY","3","2022-08-17","2022-08-19"
224,"PEARL","GARZA","3","2022-08-17","2022-08-19"
526,"KARL","SEAL","3","2022-07-27","2022-07-29"
468,"TIM","CARY","3","2022-07-27","2022-07-29"
535,"JAVIER","ELROD","3","2022-05-28","2022-05-30"
451,"JIM","REA","3","2022-06-19","2022-06-21"
446,"THEODORE","CULP","3","2022-06-18","2022-06-20"
406,"NATHAN","RUNYON","3","2022-06-17","2022-06-19"
385,"PHILLIP","HOLM","3","2022-07-31","2022-08-02"
18,"CAROL","GARCIA","3","2022-06-15","2022-06-17"
361,"LAWRENCE","LAWTON","3","2022-07-31","2022-08-02"
530,"DARRYL","ASHCRAFT","3","2022-07-31","2022-08-02"
354,"JUSTIN","NGO","3","2022-08-21","2022-08-23"
429,"FREDERICK","ISBELL","3","2022-05-28","2022-05-30"
71,"KATHY","JAMES","3","2022-08-21","2022-08-23"
371,"BILLY","POULIN","3","2022-06-19","2022-06-21"
553,"MAX","PITT","3","2022-07-06","2022-07-08"
263,"HILDA","HOPKINS","3","2022-08-21","2022-08-23"
234,"CLAUDIA","FULLER","3","2022-07-31","2022-08-02"
95,"PAULA","BRYANT","3","2022-07-06","2022-07-08"
437,"RANDALL","NEUMANN","3","2022-07-08","2022-07-10"
500,"REGINALD","KINDER","3","2022-07-28","2022-07-30"
450,"JAY","ROBB","3","2022-07-27","2022-07-29"
561,"IAN","STILL","3","2022-07-31","2022-08-02"
430,"RAY","HOULE","3","2022-08-18","2022-08-20"
577,"CLIFTON","MALCOLM","3","2022-07-27","2022-07-29"
342,"HAROLD","MARTINO","3","2022-07-10","2022-07-12"
508,"MILTON","HOWLAND","3","2022-07-26","2022-07-28"
206,"TERRI","VASQUEZ","3","2022-08-19","2022-08-21"
264,"GWENDOLYN","MAY","3","2022-07-30","2022-08-01"
37,"PAMELA","BAKER","3","2022-07-31","2022-08-02"
574,"JULIAN","VEST","3","2022-08-20","2022-08-22"
134,"EMMA","BOYD","3","2022-07-27","2022-07-29"
579,"DARYL","LARUE","3","2022-06-18","2022-06-20"
385,"PHILLIP","HOLM","3","2022-07-27","2022-07-29"
442,"LEROY","BUSTAMANTE","3","2022-07-06","2022-07-08"
182,"RENEE","LANE","3","2022-06-16","2022-06-18"
387,"JESSE","SCHILLING","3","2022-05-29","2022-05-31"
116,"VICTORIA","GIBSON","3","2022-06-15","2022-06-17"
386,"TODD","TAN","3","2022-07-10","2022-07-12"
394,"CHRIS","BROTHERS","3","2022-08-17","2022-08-19"
24,"KIMBERLY","LEE","3","2022-06-16","2022-06-18"
428,"HERBERT","KRUGER","3","2022-07-31","2022-08-02"
533,"JESSIE","MILAM","3","2022-08-21","2022-08-23"
316,"STEVEN","CURLEY","3","2022-07-27","2022-07-29"
393,"PHILIP","CAUSEY","3","2022-07-27","2022-07-29"
570,"IVAN","CROMWELL","3","2022-07-10","2022-07-12"
583,"MARSHALL","THORN","3","2022-07-31","2022-08-02"
110,"TIFFANY","JORDAN","3","2022-07-06","2022-07-08"
511,"CHESTER","BENNER","3","2022-07-30","2022-08-01"
409,"RODNEY","MOELLER","3","2022-07-28","2022-07-30"
527,"CORY","MEEHAN","3","2022-08-21","2022-08-23"
312,"MARK","RINEHART","3","2022-08-17","2022-08-19"
215,"JESSIE","BANKS","3","2022-08-21","2022-08-23"
254,"MAXINE","SILVA","3","2022-07-31","2022-08-02"
393,"PHILIP","CAUSEY","3","2022-07-07","2022-07-09"
91,"LOIS","BUTLER","3","2022-08-21","2022-08-23"
559,"EVERETT","BANDA","3","2022-08-19","2022-08-21"
509,"RAUL","FORTIER","3","2022-07-07","2022-07-09"
61,"KATHERINE","RIVERA","3","2022-07-31","2022-08-02"
330,"SCOTT","SHELLEY","3","2022-08-17","2022-08-19"
578,"WILLARD","LUMPKIN","3","2022-07-08","2022-07-10"
140,"EVA","RAMOS","3","2022-08-17","2022-08-19"
293,"MAE","FLETCHER","3","2022-06-16","2022-06-18"
577,"CLIFTON","MALCOLM","3","2022-08-18","2022-08-20"
183,"IDA","ANDREWS","3","2022-07-31","2022-08-02"
236,"MARCIA","DEAN","3","2022-08-19","2022-08-21"
97,"ANNIE","RUSSELL","3","2022-07-27","2022-07-29"
537,"CLINTON","BUFORD","3","2022-06-18","2022-06-20"
325,"TIMOTHY","BUNN","3","2022-07-27","2022-07-29"
485,"CLYDE","TOBIAS","3","2022-08-17","2022-08-19"
221,"BESSIE","MORRISON","3","2022-08-20","2022-08-22"
433,"DON","BONE","3","2022-07-28","2022-07-30"
256,"MABEL","HOLLAND","3","2022-05-29","2022-05-31"
124,"SHEILA","WELLS","3","2022-08-21","2022-08-23"
412,"ALLEN","BUTTERFIELD","3","2022-07-31","2022-08-02"
319,"RONALD","WEINER","3","2022-07-10","2022-07-12"
458,"LLOYD","DOWD","3","2022-08-19","2022-08-21"
42,"CAROLYN","PEREZ","3","2022-06-16","2022-06-18"
183,"IDA","ANDREWS","3","2022-08-18","2022-08-20"
524,"JARED","ELY","3","2022-08-20","2022-08-22"
415,"GLENN","PULLEN","3","2022-07-27","2022-07-29"
444,"MARCUS","HIDALGO","3","2022-07-31","2022-08-02"
172,"BERNICE","WILLIS","3","2022-08-18","2022-08-20"
307,"JOSEPH","JOY","3","2022-07-06","2022-07-08"
461,"DEREK","BLAKELY","3","2022-07-31","2022-08-02"
245,"COURTNEY","DAY","3","2022-05-28","2022-05-30"
421,"LEE","HAWKS","3","2022-08-20","2022-08-22"
153,"SUZANNE","NICHOLS","3","2022-07-06","2022-07-08"
388,"CRAIG","MORRELL","3","2022-08-17","2022-08-19"
519,"RON","DELUCA","3","2022-07-30","2022-08-01"
171,"DOLORES","WAGNER","3","2022-07-10","2022-07-12"
573,"BYRON","BOX","3","2022-06-19","2022-06-21"
6,"JENNIFER","DAVIS","3","2022-07-10","2022-07-12"
64,"JUDITH","COX","3","2022-07-31","2022-08-02"
104,"RITA","GRAHAM","3","2022-08-17","2022-08-19"
196,"ALMA","AUSTIN","3","2022-06-19","2022-06-21"
169,"ERICA","MATTHEWS","3","2022-08-21","2022-08-23"
492,"LESTER","KRAUS","3","2022-07-09","2022-07-11"
147,"JOANNE","ROBERTSON","3","2022-07-30","2022-08-01"
151,"MEGAN","PALMER","3","2022-07-30","2022-08-01"
283,"FELICIA","SUTTON","3","2022-06-18","2022-06-20"
380,"RUSSELL","BRINSON","3","2022-08-17","2022-08-19"
578,"WILLARD","LUMPKIN","3","2022-07-27","2022-07-29"
548,"ALLAN","CORNISH","3","2022-08-19","2022-08-21"
214,"KRISTIN","JOHNSTON","3","2022-07-07","2022-07-09"
434,"EDDIE","TOMLIN","3","2022-07-07","2022-07-09"
160,"ERIN","DUNN","3","2022-07-31","2022-08-02"
580,"ROSS","GREY","3","2022-07-06","2022-07-08"
191,"JEANETTE","GREENE","3","2022-06-15","2022-06-17"
1,"MARY","SMITH","3","2022-07-31","2022-08-02"
498,"GENE","SANBORN","3","2022-07-09","2022-07-11"
392,"SEAN","DOUGLASS","3","2022-07-31","2022-08-02"
226,"MAUREEN","LITTLE","3","2022-08-21","2022-08-23"
538,"TED","BREAUX","3","2022-08-20","2022-08-22"
69,"JUDY","GRAY","3","2022-08-21","2022-08-23"
503,"ANGEL","BARCLAY","3","2022-07-10","2022-07-12"
279,"DIANNE","SHELTON","3","2022-07-31","2022-08-02"
312,"MARK","RINEHART","3","2022-07-28","2022-07-30"
477,"DAN","PAINE","3","2022-08-21","2022-08-23"
348,"ROGER","QUINTANILLA","3","2022-07-31","2022-08-02"
578,"WILLARD","LUMPKIN","3","2022-07-31","2022-08-02"
162,"LAUREN","HUDSON","3","2022-06-18","2022-06-20"
323,"MATTHEW","MAHAN","3","2022-08-17","2022-08-19"
353,"JONATHAN","SCARBOROUGH","3","2022-08-19","2022-08-21"
506,"LESLIE","SEWARD","3","2022-07-27","2022-07-29"
540,"TYRONE","ASHER","3","2022-06-19","2022-06-21"
547,"KURT","EMMONS","3","2022-07-27","2022-07-29"
221,"BESSIE","MORRISON","3","2022-07-29","2022-07-31"
472,"GREG","ROBINS","3","2022-06-19","2022-06-21"
560,"JORDAN","ARCHULETA","3","2022-08-20","2022-08-22"
446,"THEODORE","CULP","3","2022-05-25","2022-05-27"
84,"SARA","PERRY","3","2022-08-17","2022-08-19"
196,"ALMA","AUSTIN","3","2022-07-08","2022-07-10"
287,"BECKY","MILES","3","2022-08-21","2022-08-23"
394,"CHRIS","BROTHERS","3","2022-07-09","2022-07-11"
6,"JENNIFER","DAVIS","3","2022-06-16","2022-06-18"
123,"SHANNON","FREEMAN","3","2022-06-15","2022-06-17"
273,"PRISCILLA","LOWE","3","2022-07-08","2022-07-10"
158,"VERONICA","STONE","3","2022-06-15","2022-06-17"
182,"RENEE","LANE","3","2022-07-06","2022-07-08"
425,"FRANCIS","SIKES","3","2022-08-21","2022-08-23"
537,"CLINTON","BUFORD","3","2022-07-27","2022-07-29"
319,"RONALD","WEINER","3","2022-06-19","2022-06-21"
310,"DANIEL","CABRAL","3","2022-06-17","2022-06-19"
98,"LILLIAN","GRIFFIN","3","2022-07-31","2022-08-02"
370,"WAYNE","TRUONG","3","2022-07-27","2022-07-29"
298,"ERIKA","PENA","3","2022-08-21","2022-08-23"
50,"DIANE","COLLINS","3","2022-05-29","2022-05-31"
285,"MIRIAM","MCKINNEY","3","2022-08-17","2022-08-19"
21,"MICHELLE","CLARK","3","2022-05-26","2022-05-28"
347,"RYAN","SALISBURY","3","2022-07-06","2022-07-08"
72,"THERESA","WATSON","3","2022-07-09","2022-07-11"
591,"KENT","ARSENAULT","3","2022-07-06","2022-07-08"
333,"ANDREW","PURDY","3","2022-07-09","2022-07-11"
416,"JEFFERY","PINSON","3","2022-08-17","2022-08-19"
523,"HARVEY","GUAJARDO","3","2022-08-17","2022-08-19"
593,"RENE","MCALISTER","3","2022-07-06","2022-07-08"
200,"JEANNE","LAWSON","3","2022-06-17","2022-06-19"
25,"DEBORAH","WALKER","3","2022-06-19","2022-06-21"
219,"WILLIE","HOWELL","3","2022-07-27","2022-07-29"
520,"MITCHELL","WESTMORELAND","3","2022-07-27","2022-07-29"
555,"DWIGHT","LOMBARDI","3","2022-08-17","2022-08-19"
407,"DALE","RATCLIFF","3","2022-07-27","2022-07-29"
180,"STACY","CUNNINGHAM","3","2022-07-08","2022-07-10"
292,"MISTY","LAMBERT","3","2022-08-20","2022-08-22"
419,"CHAD","CARBONE","3","2022-07-31","2022-08-02"
159,"JILL","HAWKINS","3","2022-07-29","2022-07-31"
439,"ALEXANDER","FENNELL","3","2022-08-21","2022-08-23"
157,"DARLENE","ROSE","3","2022-07-06","2022-07-08"
74,"DENISE","KELLY","3","2022-07-10","2022-07-12"
261,"DEANNA","BYRD","3","2022-05-27","2022-05-29"
368,"HARRY","ARCE","3","2022-07-06","2022-07-08"
284,"SONIA","GREGORY","3","2022-07-30","2022-08-01"
111,"CARMEN","OWENS","3","2022-07-31","2022-08-02"
125,"ETHEL","WEBB","3","2022-07-09","2022-07-11"
434,"EDDIE","TOMLIN","3","2022-08-17","2022-08-19"
545,"JULIO","NOLAND","3","2022-07-29","2022-07-31"
584,"SALVADOR","TEEL","3","2022-08-17","2022-08-19"
427,"JESUS","MCCARTNEY","3","2022-07-31","2022-08-02"
598,"WADE","DELVALLE","3","2022-08-21","2022-08-23"
377,"HOWARD","FORTNER","3","2022-06-19","2022-06-21"
400,"BRYAN","HARDISON","3","2022-07-30","2022-08-01"
409,"RODNEY","MOELLER","3","2022-08-19","2022-08-21"
565,"JAIME","NETTLES","3","2022-07-05","2022-07-07"
386,"TODD","TAN","3","2022-07-31","2022-08-02"
316,"STEVEN","CURLEY","3","2022-08-17","2022-08-19"
421,"LEE","HAWKS","3","2022-07-06","2022-07-08"
23,"SARAH","LEWIS","3","2022-08-19","2022-08-21"
47,"FRANCES","PARKER","3","2022-07-28","2022-07-30"
316,"STEVEN","CURLEY","3","2022-06-17","2022-06-19"
313,"DONALD","MAHON","3","2022-08-21","2022-08-23"
104,"RITA","GRAHAM","3","2022-07-07","2022-07-09"
101,"PEGGY","MYERS","3","2022-08-17","2022-08-19"
350,"JUAN","FRALEY","3","2022-08-17","2022-08-19"
240,"MARLENE","WELCH","3","2022-05-26","2022-05-28"
126,"ELLEN","SIMPSON","3","2022-07-08","2022-07-10"
541,"DARREN","WINDHAM","3","2022-08-18","2022-08-20"
62,"JOAN","COOPER","3","2022-07-31","2022-08-02"
374,"JEREMY","HURTADO","3","2022-07-09","2022-07-11"
111,"CARMEN","OWENS","3","2022-06-16","2022-06-18"
260,"CHRISTY","VARGAS","3","2022-08-19","2022-08-21"
194,"KRISTEN","CHAVEZ","3","2022-08-19","2022-08-21"
338,"DENNIS","GILMAN","3","2022-08-17","2022-08-19"
591,"KENT","ARSENAULT","3","2022-07-27","2022-07-29"
293,"MAE","FLETCHER","3","2022-07-06","2022-07-08"
38,"MARTHA","GONZALEZ","3","2022-06-19","2022-06-21"
4,"BARBARA","JONES","3","2022-07-28","2022-07-30"
590,"SETH","HANNON","3","2022-06-18","2022-06-20"
236,"MARCIA","DEAN","3","2022-06-17","2022-06-19"
165,"LORRAINE","STEPHENS","3","2022-07-06","2022-07-08"
429,"FREDERICK","ISBELL","3","2022-07-10","2022-07-12"
416,"JEFFERY","PINSON","3","2022-06-14","2022-06-16"
383,"MARTIN","BALES","3","2022-06-18","2022-06-20"
537,"CLINTON","BUFORD","3","2022-07-10","2022-07-12"
88,"BONNIE","HUGHES","3","2022-08-21","2022-08-23"
286,"VELMA","LUCAS","3","2022-07-06","2022-07-08"
227,"COLLEEN","BURTON","3","2022-07-29","2022-07-31"
46,"CATHERINE","CAMPBELL","3","2022-08-17","2022-08-19"
124,"SHEILA","WELLS","3","2022-07-27","2022-07-29"
153,"SUZANNE","NICHOLS","3","2022-08-17","2022-08-19"
491,"RICK","MATTOX","3","2022-07-09","2022-07-11"
153,"SUZANNE","NICHOLS","3","2022-06-18","2022-06-20"
199,"BETH","FRANKLIN","3","2022-07-31","2022-08-02"
521,"ROLAND","SOUTH","3","2022-08-20","2022-08-22"
288,"BOBBIE","CRAIG","3","2022-08-17","2022-08-19"
138,"HAZEL","WARREN","3","2022-08-21","2022-08-23"
300,"JOHN","FARNSWORTH","3","2022-07-10","2022-07-12"
118,"KIM","CRUZ","3","2022-08-21","2022-08-23"
415,"GLENN","PULLEN","3","2022-07-31","2022-08-02"
573,"BYRON","BOX","3","2022-07-31","2022-08-02"
265,"JENNIE","TERRY","3","2022-08-20","2022-08-22"
184,"VIVIAN","RUIZ","3","2022-08-21","2022-08-23"
533,"JESSIE","MILAM","3","2022-07-27","2022-07-29"
596,"ENRIQUE","FORSYTHE","3","2022-05-28","2022-05-30"
515,"ANDRE","RAPP","3","2022-07-31","2022-08-02"
574,"JULIAN","VEST","3","2022-07-27","2022-07-29"
157,"DARLENE","ROSE","3","2022-08-18","2022-08-20"
153,"SUZANNE","NICHOLS","3","2022-08-21","2022-08-23"
312,"MARK","RINEHART","3","2022-08-21","2022-08-23"
559,"EVERETT","BANDA","3","2022-06-19","2022-06-21"
351,"JACK","FOUST","3","2022-07-31","2022-08-02"
122,"THELMA","MURRAY","3","2022-07-27","2022-07-29"
205,"EILEEN","CARR","3","2022-07-06","2022-07-08"
370,"WAYNE","TRUONG","3","2022-08-17","2022-08-19"
328,"JEFFREY","SPEAR","3","2022-06-16","2022-06-18"
136,"ANITA","MORALES","3","2022-07-10","2022-07-12"
364,"BENJAMIN","VARNEY","3","2022-07-06","2022-07-08"
159,"JILL","HAWKINS","3","2022-05-27","2022-05-29"
82,"KATHRYN","COLEMAN","3","2022-07-28","2022-07-30"
181,"ANA","BRADLEY","3","2022-08-21","2022-08-23"
54,"TERESA","ROGERS","3","2022-05-26","2022-05-28"
55,"DORIS","REED","3","2022-07-29","2022-07-31"
176,"JUNE","CARROLL","3","2022-08-21","2022-08-23"
182,"RENEE","LANE","3","2022-08-17","2022-08-19"
516,"ELMER","NOE","3","2022-07-28","2022-07-30"
46,"CATHERINE","CAMPBELL","3","2022-08-21","2022-08-23"
234,"CLAUDIA","FULLER","3","2022-08-17","2022-08-19"
427,"JESUS","MCCARTNEY","3","2022-07-27","2022-07-29"
203,"TARA","RYAN","3","2022-07-28","2022-07-30"
188,"MELANIE","ARMSTRONG","3","2022-07-31","2022-08-02"
347,"RYAN","SALISBURY","3","2022-08-17","2022-08-19"
405,"LEONARD","SCHOFIELD","3","2022-08-21","2022-08-23"
116,"VICTORIA","GIBSON","3","2022-08-18","2022-08-20"
245,"COURTNEY","DAY","3","2022-07-29","2022-07-31"
102,"CRYSTAL","FORD","3","2022-05-26","2022-05-28"
129,"CARRIE","PORTER","3","2022-08-20","2022-08-22"
341,"PETER","MENARD","3","2022-06-15","2022-06-17"
516,"ELMER","NOE","3","2022-08-17","2022-08-19"
49,"JOYCE","EDWARDS","3","2022-07-10","2022-07-12"
357,"KEITH","RICO","3","2022-07-10","2022-07-12"
515,"ANDRE","RAPP","3","2022-08-17","2022-08-19"
164,"JOANN","GARDNER","3","2022-07-10","2022-07-12"
562,"WALLACE","SLONE","3","2022-05-29","2022-05-31"
532,"NEIL","RENNER","3","2022-07-31","2022-08-02"
167,"SALLY","PIERCE","3","2022-08-18","2022-08-20"
397,"JIMMY","SCHRADER","3","2022-08-17","2022-08-19"
393,"PHILIP","CAUSEY","3","2022-06-16","2022-06-18"
213,"GINA","WILLIAMSON","3","2022-07-07","2022-07-09"
27,"SHIRLEY","ALLEN","3","2022-07-10","2022-07-12"
383,"MARTIN","BALES","3","2022-07-31","2022-08-02"
175,"ANNETTE","OLSON","3","2022-07-27","2022-07-29"
243,"LYDIA","BURKE","3","2022-07-10","2022-07-12"
405,"LEONARD","SCHOFIELD","3","2022-07-09","2022-07-11"
158,"VERONICA","STONE","3","2022-07-10","2022-07-12"
29,"ANGELA","HERNANDEZ","3","2022-06-19","2022-06-21"
28,"CYNTHIA","YOUNG","3","2022-07-10","2022-07-12"
331,"ERIC","ROBERT","3","2022-07-09","2022-07-11"
266,"NORA","HERRERA","3","2022-08-20","2022-08-22"
27,"SHIRLEY","ALLEN","3","2022-06-19","2022-06-21"
403,"MIKE","WAY","3","2022-08-17","2022-08-19"
274,"NAOMI","JENNINGS","3","2022-07-06","2022-07-08"
139,"AMBER","DIXON","3","2022-08-21","2022-08-23"
416,"JEFFERY","PINSON","3","2022-07-28","2022-07-30"
439,"ALEXANDER","FENNELL","3","2022-06-19","2022-06-21"
479,"ZACHARY","HITE","3","2022-06-17","2022-06-19"
538,"TED","BREAUX","3","2022-07-09","2022-07-11"
584,"SALVADOR","TEEL","3","2022-08-21","2022-08-23"
7,"MARIA","MILLER","3","2022-07-31","2022-08-02"
162,"LAUREN","HUDSON","3","2022-07-29","2022-07-31"
508,"MILTON","HOWLAND","3","2022-07-10","2022-07-12"
575,"ISAAC","OGLESBY","3","2022-06-15","2022-06-17"
585,"PERRY","SWAFFORD","3","2022-07-07","2022-07-09"
131,"MONICA","HICKS","3","2022-08-17","2022-08-19"
120,"SYLVIA","ORTIZ","3","2022-07-07","2022-07-09"
195,"VANESSA","SIMS","3","2022-07-29","2022-07-31"
565,"JAIME","NETTLES","3","2022-07-31","2022-08-02"
199,"BETH","FRANKLIN","3","2022-07-08","2022-07-10"
176,"JUNE","CARROLL","3","2022-05-26","2022-05-28"
215,"JESSIE","BANKS","3","2022-06-15","2022-06-17"
479,"ZACHARY","HITE","3","2022-07-10","2022-07-12"
90,"RUBY","WASHINGTON","3","2022-08-21","2022-08-23"
320,"ANTHONY","SCHWAB","3","2022-07-27","2022-07-29"
343,"DOUGLAS","GRAF","3","2022-07-07","2022-07-09"
364,"BENJAMIN","VARNEY","3","2022-07-30","2022-08-01"
580,"ROSS","GREY","3","2022-08-18","2022-08-20"
241,"HEIDI","LARSON","3","2022-08-21","2022-08-23"
64,"JUDITH","COX","3","2022-07-07","2022-07-09"
336,"JOSHUA","MARK","3","2022-07-29","2022-07-31"
579,"DARYL","LARUE","3","2022-07-29","2022-07-31"
133,"PAULINE","HENRY","3","2022-08-18","2022-08-20"
365,"BRUCE","SCHWARZ","3","2022-06-15","2022-06-17"
351,"JACK","FOUST","3","2022-08-21","2022-08-23"
292,"MISTY","LAMBERT","3","2022-06-17","2022-06-19"
7,"MARIA","MILLER","3","2022-06-18","2022-06-20"
142,"APRIL","BURNS","3","2022-07-28","2022-07-30"
568,"ALBERTO","HENNING","3","2022-07-31","2022-08-02"
465,"FLOYD","GANDY","3","2022-06-17","2022-06-19"
554,"DWAYNE","OLVERA","3","2022-08-19","2022-08-21"
571,"JOHNNIE","CHISHOLM","3","2022-07-28","2022-07-30"
573,"BYRON","BOX","3","2022-08-17","2022-08-19"
311,"PAUL","TROUT","3","2022-08-19","2022-08-21"
439,"ALEXANDER","FENNELL","3","2022-08-17","2022-08-19"
283,"FELICIA","SUTTON","3","2022-08-17","2022-08-19"
67,"KELLY","TORRES","3","2022-07-27","2022-07-29"
26,"JESSICA","HALL","3","2022-07-07","2022-07-09"
149,"VALERIE","BLACK","3","2022-07-31","2022-08-02"
435,"RICKY","SHELBY","3","2022-07-29","2022-07-31"
528,"CLAUDE","HERZOG","3","2022-07-31","2022-08-02"
7,"MARIA","MILLER","3","2022-05-29","2022-05-31"
362,"NICHOLAS","BARFIELD","3","2022-07-27","2022-07-29"
8,"SUSAN","WILSON","3","2022-07-31","2022-08-02"
178,"MARION","SNYDER","3","2022-08-17","2022-08-19"
500,"REGINALD","KINDER","3","2022-06-18","2022-06-20"
61,"KATHERINE","RIVERA","3","2022-07-27","2022-07-29"
123,"SHANNON","FREEMAN","3","2022-07-27","2022-07-29"
41,"STEPHANIE","MITCHELL","3","2022-07-06","2022-07-08"
382,"VICTOR","BARKLEY","3","2022-06-18","2022-06-20"
115,"WENDY","HARRISON","3","2022-07-27","2022-07-29"
144,"CLARA","SHAW","3","2022-06-19","2022-06-21"
264,"GWENDOLYN","MAY","3","2022-07-06","2022-07-08"
195,"VANESSA","SIMS","3","2022-07-09","2022-07-11"
31,"BRENDA","WRIGHT","3","2022-07-06","2022-07-08"
575,"ISAAC","OGLESBY","3","2022-08-18","2022-08-20"
294,"SHELLY","WATTS","3","2022-07-06","2022-07-08"
20,"SHARON","ROBINSON","3","2022-08-21","2022-08-23"
82,"KATHRYN","COLEMAN","3","2022-07-10","2022-07-12"
53,"HEATHER","MORRIS","3","2022-05-29","2022-05-31"
334,"RAYMOND","MCWHORTER","3","2022-07-08","2022-07-10"
371,"BILLY","POULIN","3","2022-05-25","2022-05-27"
44,"MARIE","TURNER","3","2022-06-18","2022-06-20"
552,"HUGH","WALDROP","3","2022-07-28","2022-07-30"
517,"BRAD","MCCURDY","3","2022-07-07","2022-07-09"
10,"DOROTHY","TAYLOR","3","2022-07-31","2022-08-02"
228,"ALLISON","STANLEY","3","2022-08-18","2022-08-20"
248,"CAROLINE","BOWMAN","3","2022-08-20","2022-08-22"
484,"ROBERTO","VU","3","2022-06-15","2022-06-17"
399,"DANNY","ISOM","3","2022-07-31","2022-08-02"
107,"FLORENCE","WOODS","3","2022-08-19","2022-08-21"
185,"ROBERTA","HARPER","3","2022-07-29","2022-07-31"
363,"ROY","WHITING","3","2022-07-10","2022-07-12"
333,"ANDREW","PURDY","3","2022-07-29","2022-07-31"
472,"GREG","ROBINS","3","2022-07-30","2022-08-01"
391,"CLARENCE","GAMEZ","3","2022-05-25","2022-05-27"
87,"WANDA","PATTERSON","3","2022-07-28","2022-07-30"
350,"JUAN","FRALEY","3","2022-06-19","2022-06-21"
65,"ROSE","HOWARD","3","2022-07-28","2022-07-30"
233,"LILLIE","KIM","3","2022-08-21","2022-08-23"
454,"ALEX","GRESHAM","3","2022-07-29","2022-07-31"
103,"GLADYS","HAMILTON","3","2022-06-17","2022-06-19"
411,"NORMAN","CURRIER","3","2022-07-27","2022-07-29"
211,"STACEY","MONTGOMERY","3","2022-07-06","2022-07-08"
385,"PHILLIP","HOLM","3","2022-08-17","2022-08-19"
218,"VERA","MCCOY","3","2022-07-08","2022-07-10"
425,"FRANCIS","SIKES","3","2022-07-30","2022-08-01"
217,"AGNES","BISHOP","3","2022-08-17","2022-08-19"
206,"TERRI","VASQUEZ","3","2022-07-06","2022-07-08"
19,"RUTH","MARTINEZ","3","2022-07-30","2022-08-01"
490,"SAM","MCDUFFIE","3","2022-08-21","2022-08-23"
258,"MYRTLE","FLEMING","3","2022-07-28","2022-07-30"
187,"BRITTANY","RILEY","3","2022-06-15","2022-06-17"
357,"KEITH","RICO","3","2022-06-15","2022-06-17"
563,"KEN","PREWITT","3","2022-07-07","2022-07-09"
20,"SHARON","ROBINSON","3","2022-06-16","2022-06-18"
530,"DARRYL","ASHCRAFT","3","2022-08-20","2022-08-22"
438,"BARRY","LOVELACE","3","2022-08-17","2022-08-19"
488,"SHANE","MILLARD","3","2022-07-30","2022-08-01"
308,"THOMAS","GRIGSBY","3","2022-07-30","2022-08-01"
254,"MAXINE","SILVA","3","2022-08-17","2022-08-19"
462,"WARREN","SHERROD","3","2022-07-27","2022-07-29"
350,"JUAN","FRALEY","3","2022-07-08","2022-07-10"
502,"BRETT","CORNWELL","3","2022-07-08","2022-07-10"
21,"MICHELLE","CLARK","3","2022-07-09","2022-07-11"
235,"JACKIE","LYNCH","3","2022-08-18","2022-08-20"
596,"ENRIQUE","FORSYTHE","3","2022-07-31","2022-08-02"
390,"SHAWN","HEATON","3","2022-06-16","2022-06-18"
251,"VICKIE","BREWER","3","2022-08-17","2022-08-19"
210,"ELLA","OLIVER","3","2022-08-21","2022-08-23"
176,"JUNE","CARROLL","3","2022-08-17","2022-08-19"
125,"ETHEL","WEBB","3","2022-06-18","2022-06-20"
239,"MINNIE","ROMERO","3","2022-07-10","2022-07-12"
219,"WILLIE","HOWELL","3","2022-08-20","2022-08-22"
502,"BRETT","CORNWELL","3","2022-07-26","2022-07-28"
5,"ELIZABETH","BROWN","3","2022-06-15","2022-06-17"
282,"JENNY","CASTRO","3","2022-07-29","2022-07-31"
267,"MARGIE","WADE","3","2022-08-17","2022-08-19"
35,"VIRGINIA","GREEN","3","2022-07-29","2022-07-31"
343,"DOUGLAS","GRAF","3","2022-06-16","2022-06-18"
241,"HEIDI","LARSON","3","2022-07-31","2022-08-02"
284,"SONIA","GREGORY","3","2022-08-20","2022-08-22"
105,"DAWN","SULLIVAN","3","2022-05-27","2022-05-29"
253,"TERRY","CARLSON","3","2022-07-31","2022-08-02"
26,"JESSICA","HALL","3","2022-07-31","2022-08-02"
20,"SHARON","ROBINSON","3","2022-08-17","2022-08-19"
99,"EMILY","DIAZ","3","2022-07-27","2022-07-29"
163,"CATHY","SPENCER","3","2022-07-27","2022-07-29"
69,"JUDY","GRAY","3","2022-07-29","2022-07-31"
588,"MARION","OCAMPO","3","2022-08-18","2022-08-20"
345,"CARL","ARTIS","3","2022-08-17","2022-08-19"
333,"ANDREW","PURDY","3","2022-08-20","2022-08-22"
504,"NATHANIEL","ADAM","3","2022-07-27","2022-07-29"
200,"JEANNE","LAWSON","3","2022-07-31","2022-08-02"
121,"JOSEPHINE","GOMEZ","3","2022-08-17","2022-08-19"
246,"MARIAN","MENDOZA","3","2022-07-07","2022-07-09"
106,"CONNIE","WALLACE","3","2022-07-07","2022-07-09"
391,"CLARENCE","GAMEZ","3","2022-07-10","2022-07-12"
103,"GLADYS","HAMILTON","3","2022-08-19","2022-08-21"
40,"AMANDA","CARTER","3","2022-07-30","2022-08-01"
53,"HEATHER","MORRIS","3","2022-07-30","2022-08-01"
111,"CARMEN","OWENS","3","2022-08-18","2022-08-20"
84,"SARA","PERRY","3","2022-07-07","2022-07-09"
518,"GABRIEL","HARDER","3","2022-07-27","2022-07-29"
448,"MIGUEL","BETANCOURT","3","2022-07-06","2022-07-08"
591,"KENT","ARSENAULT","3","2022-08-18","2022-08-20"
100,"ROBIN","HAYES","3","2022-07-28","2022-07-30"
388,"CRAIG","MORRELL","3","2022-08-21","2022-08-23"
551,"CLAYTON","BARBEE","3","2022-05-29","2022-05-31"
74,"DENISE","KELLY","3","2022-08-18","2022-08-20"
197,"SUE","PETERS","3","2022-06-15","2022-06-17"
179,"DANA","HART","3","2022-07-27","2022-07-29"
533,"JESSIE","MILAM","3","2022-06-15","2022-06-17"
423,"ALFRED","CASILLAS","3","2022-08-21","2022-08-23"
359,"WILLIE","MARKHAM","3","2022-08-21","2022-08-23"
525,"ADRIAN","CLARY","3","2022-07-10","2022-07-12"
